{
	"solar_resource_file" : "",
	"albedo" : [ 0.20000000000000001, 0.20000000000000001, 0.20000000000000001, 0.20000000000000001, 0.20000000000000001, 0.20000000000000001, 0.20000000000000001, 0.20000000000000001, 0.20000000000000001, 0.20000000000000001, 0.20000000000000001, 0.20000000000000001 ],
	"use_wf_albedo" : 1,
	"system_capacity" : 100000,
	"module_type" : 0,
	"dc_ac_ratio" : 1.1499999999999999,
	"bifaciality" : 0,
	"array_type" : 1,
	"tilt" : 20,
	"azimuth" : 180,
	"gcr" : 0.29999999999999999,
	"soiling" : [ 0, 0, 0, 0, 0, 0, 0, 0, 0, 0, 0, 0 ],
	"losses" : 14.075660688264469,
	"en_snowloss" : 0,
	"inv_eff" : 96,
	"batt_simple_enable" : 0,
	"constant" : 0
}
